{"cameraMode":{"drawMode":0,"name":"Shaded","section":"Shading Mode"},"sceneLighting":false,"audioPlay":false,"sceneViewState":{"showFog":true,"showMaterialUpdate":false,"showSkybox":false,"showFlares":true,"showImageEffects":true,"showParticleSystems":true,"showVisualEffectGraphs":true,"m_FxEnabled":true},"in2DMode":false,"pivot":{"x":0.6693739891052246,"y":0.061460137367248538,"z":0.9649159908294678},"rotation":{"x":0.061750415712594989,"y":-0.023946352303028108,"z":-0.0015245784306898714,"w":-0.9978345036506653},"size":7.607359886169434,"orthographic":false}