{"cameraMode":{"drawMode":0,"name":"Shaded","section":"Shading Mode"},"sceneLighting":false,"audioPlay":false,"sceneViewState":{"showFog":true,"showMaterialUpdate":false,"showSkybox":false,"showFlares":true,"showImageEffects":true,"showParticleSystems":true,"showVisualEffectGraphs":true,"m_FxEnabled":true},"in2DMode":false,"pivot":{"x":-0.08358657360076904,"y":-0.696235179901123,"z":-0.4625222682952881},"rotation":{"x":-0.0329936146736145,"y":-0.002701797755435109,"z":0.0000890946903382428,"w":-0.9994516968727112},"size":0.6526848673820496,"orthographic":false}