{"cameraMode":{"drawMode":0,"name":"Shaded","section":"Shading Mode"},"sceneLighting":false,"audioPlay":false,"sceneViewState":{"showFog":true,"showMaterialUpdate":false,"showSkybox":false,"showFlares":true,"showImageEffects":true,"showParticleSystems":true,"showVisualEffectGraphs":true,"m_FxEnabled":true},"in2DMode":false,"pivot":{"x":0.07215628027915955,"y":0.4096219539642334,"z":-5.960464477539063e-8},"rotation":{"x":0.25318092107772829,"y":0.31763625144958498,"z":-0.08842170238494873,"w":0.9095004796981812},"size":0.9289767146110535,"orthographic":false}