{"cameraMode":{"drawMode":0,"name":"Shaded","section":"Shading Mode"},"sceneLighting":false,"audioPlay":false,"sceneViewState":{"showFog":true,"showMaterialUpdate":false,"showSkybox":false,"showFlares":true,"showImageEffects":true,"showParticleSystems":true,"showVisualEffectGraphs":true,"m_FxEnabled":true},"in2DMode":false,"pivot":{"x":0.35478878021240237,"y":0.5450188517570496,"z":-0.3234272003173828},"rotation":{"x":0.25318092107772829,"y":0.31763625144958498,"z":-0.08842170238494873,"w":0.9095004796981812},"size":2.3385114669799806,"orthographic":false}