{"cameraMode":{"drawMode":0,"name":"Shaded","section":"Shading Mode"},"sceneLighting":false,"audioPlay":false,"sceneViewState":{"showFog":true,"showMaterialUpdate":false,"showSkybox":false,"showFlares":true,"showImageEffects":true,"showParticleSystems":true,"showVisualEffectGraphs":true,"m_FxEnabled":true},"in2DMode":false,"pivot":{"x":0.2721303701400757,"y":1.349340796470642,"z":-0.3149920105934143},"rotation":{"x":-0.03778967261314392,"y":-0.009287574328482151,"z":0.0003571272536646575,"w":-0.9992545247077942},"size":8.470090866088868,"orthographic":false}