{"cameraMode":{"drawMode":0,"name":"Shaded","section":"Shading Mode"},"sceneLighting":false,"audioPlay":false,"sceneViewState":{"showFog":true,"showMaterialUpdate":false,"showSkybox":false,"showFlares":true,"showImageEffects":true,"showParticleSystems":true,"showVisualEffectGraphs":true,"m_FxEnabled":true},"in2DMode":false,"pivot":{"x":-0.5466585159301758,"y":3.8459396362304689,"z":1.2995071411132813},"rotation":{"x":0.25318092107772829,"y":0.31763625144958498,"z":-0.08842170238494873,"w":0.9095004796981812},"size":7.0594401359558109,"orthographic":false}