{"cameraMode":{"drawMode":0,"name":"Shaded","section":"Shading Mode"},"sceneLighting":false,"audioPlay":false,"sceneViewState":{"showFog":true,"showMaterialUpdate":false,"showSkybox":false,"showFlares":true,"showImageEffects":true,"showParticleSystems":true,"showVisualEffectGraphs":true,"m_FxEnabled":true},"in2DMode":false,"pivot":{"x":0.000010341405868530273,"y":-0.028137151151895524,"z":-0.0285341739654541},"rotation":{"x":0.25318092107772829,"y":0.31763625144958498,"z":-0.08842170238494873,"w":0.9095004796981812},"size":2.9825334548950197,"orthographic":false}