{"cameraMode":{"drawMode":0,"name":"Shaded","section":"Shading Mode"},"sceneLighting":true,"audioPlay":false,"sceneViewState":{"showFog":true,"showMaterialUpdate":false,"showSkybox":true,"showFlares":true,"showImageEffects":true,"showParticleSystems":true,"showVisualEffectGraphs":true,"m_FxEnabled":true},"in2DMode":false,"pivot":{"x":7.816652297973633,"y":5.206899642944336,"z":2.6950912475585939},"rotation":{"x":0.15460695326328278,"y":0.09763789176940918,"z":-0.015356489457190037,"w":0.9830197095870972},"size":13.288294792175293,"orthographic":false}