{"cameraMode":{"drawMode":0,"name":"Shaded","section":"Shading Mode"},"sceneLighting":false,"audioPlay":false,"sceneViewState":{"showFog":true,"showMaterialUpdate":false,"showSkybox":false,"showFlares":true,"showImageEffects":true,"showParticleSystems":true,"showVisualEffectGraphs":true,"m_FxEnabled":true},"in2DMode":false,"pivot":{"x":0.07655489444732666,"y":0.4798617362976074,"z":1.8283843994140626},"rotation":{"x":0.24426476657390595,"y":0.07409628480672836,"z":-0.01872291974723339,"w":0.9666929244995117},"size":5.617189884185791,"orthographic":false}