{"cameraMode":{"drawMode":0,"name":"Shaded","section":"Shading Mode"},"sceneLighting":false,"audioPlay":false,"sceneViewState":{"showFog":true,"showMaterialUpdate":false,"showSkybox":false,"showFlares":true,"showImageEffects":true,"showParticleSystems":true,"showVisualEffectGraphs":true,"m_FxEnabled":true},"in2DMode":false,"pivot":{"x":0.13797929883003236,"y":0.02682553417980671,"z":-0.046678394079208377},"rotation":{"x":-0.013190938159823418,"y":0.0011959862895309926,"z":0.000013767558812105563,"w":0.9999201893806458},"size":1.0206646919250489,"orthographic":false}